date,rainfall_mm
2015-01-01,2.6
2015-01-02,0.0
2015-01-03,0.0
2015-01-04,3.1
2015-01-05,0.0
2015-01-06,0.2
2015-01-07,2.1
2015-01-08,1.6
2015-01-09,1.9
2015-01-10,1.3
2015-01-11,0.0
2015-01-12,1.1
2015-01-13,1.1
2015-01-14,0.0
2015-01-15,0.0
2015-01-16,2.6
2015-01-17,0.0
2015-01-18,1.4
2015-01-19,0.5
2015-01-20,0.0
2015-01-21,0.0
2015-01-22,0.0
2015-01-23,0.0
2015-01-24,0.2
2015-01-25,0.9
2015-01-26,2.7
2015-01-27,2.6
2015-01-28,0.0
2015-01-29,0.0
2015-01-30,1.3
2015-01-31,2.4
2015-02-01,0.0
2015-02-02,0.0
2015-02-03,0.9
2015-02-04,0.0
2015-02-05,1.9
2015-02-06,2.3
2015-02-07,0.0
2015-02-08,2.3
2015-02-09,0.9
2015-02-10,2.7
2015-02-11,2.4
2015-02-12,0.0
2015-02-13,0.0
2015-02-14,3.0
2015-02-15,4.6
2015-02-16,0.0
2015-02-17,0.0
2015-02-18,6.4
2015-02-19,2.5
2015-02-20,2.5
2015-02-21,0.0
2015-02-22,0.0
2015-02-23,5.1
2015-02-24,1.0
2015-02-25,2.2
2015-02-26,0.5
2015-02-27,1.0
2015-02-28,0.0
2015-03-01,4.2
2015-03-02,1.3
2015-03-03,1.8
2015-03-04,3.1
2015-03-05,0.0
2015-03-06,2.9
2015-03-07,1.9
2015-03-08,0.0
2015-03-09,3.1
2015-03-10,0.0
2015-03-11,2.1
2015-03-12,5.4
2015-03-13,2.1
2015-03-14,5.3
2015-03-15,0.0
2015-03-16,0.0
2015-03-17,2.7
2015-03-18,0.0
2015-03-19,0.0
2015-03-20,3.3
2015-03-21,1.3
2015-03-22,2.6
2015-03-23,0.2
2015-03-24,0.0
2015-03-25,1.3
2015-03-26,0.0
2015-03-27,0.7
2015-03-28,1.5
2015-03-29,1.1
2015-03-30,2.1
2015-03-31,1.9
2015-04-01,23.2
2015-04-02,75.7
2015-04-03,44.9
2015-04-04,66.1
2015-04-05,29.7
2015-04-06,15.8
2015-04-07,126.8
2015-04-08,61.7
2015-04-09,92.5
2015-04-10,147.4
2015-04-11,113.5
2015-04-12,48.7
2015-04-13,84.0
2015-04-14,105.9
2015-04-15,82.1
2015-04-16,60.7
2015-04-17,77.5
2015-04-18,76.8
2015-04-19,113.7
2015-04-20,52.6
2015-04-21,80.0
2015-04-22,113.4
2015-04-23,78.8
2015-04-24,86.7
2015-04-25,68.3
2015-04-26,123.5
2015-04-27,88.4
2015-04-28,78.4
2015-04-29,166.4
2015-04-30,103.2
2015-05-01,54.0
2015-05-02,46.5
2015-05-03,70.3
2015-05-04,30.0
2015-05-05,112.5
2015-05-06,31.5
2015-05-07,12.9
2015-05-08,0.0
2015-05-09,40.2
2015-05-10,139.7
2015-05-11,96.1
2015-05-12,107.7
2015-05-13,72.9
2015-05-14,28.6
2015-05-15,101.0
2015-05-16,1.9
2015-05-17,64.9
2015-05-18,111.3
2015-05-19,0.0
2015-05-20,16.6
2015-05-21,45.3
2015-05-22,63.6
2015-05-23,104.7
2015-05-24,98.0
2015-05-25,60.8
2015-05-26,58.9
2015-05-27,4.0
2015-05-28,114.9
2015-05-29,105.8
2015-05-30,15.2
2015-05-31,50.3
2015-06-01,118.9
2015-06-02,81.5
2015-06-03,68.0
2015-06-04,44.1
2015-06-05,69.6
2015-06-06,135.6
2015-06-07,50.1
2015-06-08,47.9
2015-06-09,109.6
2015-06-10,38.7
2015-06-11,44.9
2015-06-12,18.3
2015-06-13,107.8
2015-06-14,87.0
2015-06-15,126.8
2015-06-16,114.4
2015-06-17,112.2
2015-06-18,31.2
2015-06-19,62.7
2015-06-20,98.7
2015-06-21,19.5
2015-06-22,17.6
2015-06-23,21.7
2015-06-24,58.5
2015-06-25,93.1
2015-06-26,110.0
2015-06-27,113.7
2015-06-28,105.5
2015-06-29,85.8
2015-06-30,110.7
2015-07-01,46.8
2015-07-02,97.9
2015-07-03,92.7
2015-07-04,114.4
2015-07-05,122.7
2015-07-06,5.0
2015-07-07,66.5
2015-07-08,23.7
2015-07-09,64.0
2015-07-10,56.3
2015-07-11,87.8
2015-07-12,64.8
2015-07-13,72.7
2015-07-14,62.4
2015-07-15,65.3
2015-07-16,52.7
2015-07-17,22.4
2015-07-18,87.0
2015-07-19,33.5
2015-07-20,93.3
2015-07-21,73.1
2015-07-22,1.8
2015-07-23,85.8
2015-07-24,8.9
2015-07-25,89.1
2015-07-26,73.7
2015-07-27,103.9
2015-07-28,73.0
2015-07-29,76.1
2015-07-30,71.2
2015-07-31,103.2
2015-08-01,19.3
2015-08-02,23.4
2015-08-03,48.5
2015-08-04,30.2
2015-08-05,11.6
2015-08-06,12.3
2015-08-07,61.0
2015-08-08,59.3
2015-08-09,36.1
2015-08-10,63.7
2015-08-11,31.6
2015-08-12,27.7
2015-08-13,39.2
2015-08-14,7.3
2015-08-15,53.1
2015-08-16,8.6
2015-08-17,68.7
2015-08-18,55.8
2015-08-19,0.0
2015-08-20,34.8
2015-08-21,77.4
2015-08-22,41.0
2015-08-23,18.9
2015-08-24,37.5
2015-08-25,68.6
2015-08-26,21.1
2015-08-27,46.8
2015-08-28,26.5
2015-08-29,51.2
2015-08-30,33.3
2015-08-31,42.6
2015-09-01,32.8
2015-09-02,3.4
2015-09-03,11.1
2015-09-04,3.4
2015-09-05,13.5
2015-09-06,7.2
2015-09-07,14.5
2015-09-08,29.4
2015-09-09,37.5
2015-09-10,5.5
2015-09-11,5.5
2015-09-12,15.5
2015-09-13,7.5
2015-09-14,9.8
2015-09-15,20.8
2015-09-16,14.7
2015-09-17,5.5
2015-09-18,4.8
2015-09-19,6.8
2015-09-20,3.7
2015-09-21,16.6
2015-09-22,17.1
2015-09-23,17.6
2015-09-24,27.2
2015-09-25,29.9
2015-09-26,26.9
2015-09-27,11.2
2015-09-28,0.0
2015-09-29,11.0
2015-09-30,29.7
2015-10-01,32.3
2015-10-02,8.6
2015-10-03,18.4
2015-10-04,18.6
2015-10-05,14.1
2015-10-06,12.5
2015-10-07,26.4
2015-10-08,11.2
2015-10-09,0.0
2015-10-10,15.7
2015-10-11,8.0
2015-10-12,25.6
2015-10-13,26.2
2015-10-14,0.0
2015-10-15,24.0
2015-10-16,10.1
2015-10-17,11.5
2015-10-18,4.8
2015-10-19,24.6
2015-10-20,14.4
2015-10-21,18.2
2015-10-22,12.9
2015-10-23,28.2
2015-10-24,27.4
2015-10-25,20.3
2015-10-26,13.4
2015-10-27,25.6
2015-10-28,21.3
2015-10-29,15.2
2015-10-30,16.1
2015-10-31,24.2
2015-11-01,2.1
2015-11-02,4.7
2015-11-03,1.5
2015-11-04,3.2
2015-11-05,3.3
2015-11-06,1.8
2015-11-07,0.5
2015-11-08,3.7
2015-11-09,0.0
2015-11-10,1.4
2015-11-11,0.7
2015-11-12,0.0
2015-11-13,1.8
2015-11-14,1.7
2015-11-15,1.3
2015-11-16,0.0
2015-11-17,0.0
2015-11-18,0.0
2015-11-19,0.0
2015-11-20,0.0
2015-11-21,0.0
2015-11-22,2.4
2015-11-23,0.0
2015-11-24,0.0
2015-11-25,0.8
2015-11-26,2.4
2015-11-27,0.0
2015-11-28,2.1
2015-11-29,0.6
2015-11-30,3.7
2015-12-01,2.3
2015-12-02,1.3
2015-12-03,2.0
2015-12-04,1.1
2015-12-05,0.0
2015-12-06,0.0
2015-12-07,1.0
2015-12-08,0.2
2015-12-09,3.2
2015-12-10,3.8
2015-12-11,1.6
2015-12-12,1.7
2015-12-13,0.1
2015-12-14,0.0
2015-12-15,1.5
2015-12-16,2.5
2015-12-17,0.0
2015-12-18,2.4
2015-12-19,2.3
2015-12-20,2.7
2015-12-21,2.3
2015-12-22,0.0
2015-12-23,1.5
2015-12-24,0.0
2015-12-25,3.9
2015-12-26,1.1
2015-12-27,1.0
2015-12-28,1.4
2015-12-29,5.0
2015-12-30,0.0
2015-12-31,0.2
2016-01-01,1.0
2016-01-02,0.0
2016-01-03,1.0
2016-01-04,0.0
2016-01-05,4.6
2016-01-06,1.1
2016-01-07,0.0
2016-01-08,2.9
2016-01-09,0.8
2016-01-10,2.4
2016-01-11,0.0
2016-01-12,2.3
2016-01-13,0.0
2016-01-14,0.0
2016-01-15,3.7
2016-01-16,5.5
2016-01-17,1.4
2016-01-18,0.4
2016-01-19,0.0
2016-01-20,0.0
2016-01-21,2.7
2016-01-22,0.0
2016-01-23,0.4
2016-01-24,1.8
2016-01-25,3.1
2016-01-26,1.6
2016-01-27,0.0
2016-01-28,1.0
2016-01-29,0.3
2016-01-30,0.9
2016-01-31,2.8
2016-02-01,2.4
2016-02-02,0.3
2016-02-03,0.0
2016-02-04,2.9
2016-02-05,2.7
2016-02-06,3.9
2016-02-07,0.0
2016-02-08,5.2
2016-02-09,0.9
2016-02-10,4.3
2016-02-11,0.7
2016-02-12,0.0
2016-02-13,0.0
2016-02-14,0.0
2016-02-15,1.9
2016-02-16,0.2
2016-02-17,0.0
2016-02-18,1.0
2016-02-19,0.0
2016-02-20,0.0
2016-02-21,3.0
2016-02-22,0.0
2016-02-23,0.0
2016-02-24,0.0
2016-02-25,1.6
2016-02-26,0.4
2016-02-27,2.8
2016-02-28,1.0
2016-02-29,0.0
2016-03-01,1.4
2016-03-02,1.9
2016-03-03,0.0
2016-03-04,1.6
2016-03-05,0.5
2016-03-06,4.4
2016-03-07,3.6
2016-03-08,0.0
2016-03-09,0.0
2016-03-10,0.0
2016-03-11,0.1
2016-03-12,0.0
2016-03-13,0.0
2016-03-14,0.0
2016-03-15,0.0
2016-03-16,0.0
2016-03-17,2.8
2016-03-18,2.0
2016-03-19,0.0
2016-03-20,2.2
2016-03-21,3.9
2016-03-22,1.4
2016-03-23,4.6
2016-03-24,2.2
2016-03-25,2.3
2016-03-26,1.9
2016-03-27,0.0
2016-03-28,2.7
2016-03-29,0.0
2016-03-30,0.0
2016-03-31,0.0
2016-04-01,78.9
2016-04-02,73.3
2016-04-03,54.4
2016-04-04,172.5
2016-04-05,95.4
2016-04-06,110.1
2016-04-07,79.2
2016-04-08,52.7
2016-04-09,65.2
2016-04-10,48.9
2016-04-11,55.0
2016-04-12,75.1
2016-04-13,78.8
2016-04-14,161.2
2016-04-15,84.3
2016-04-16,30.0
2016-04-17,0.0
2016-04-18,54.2
2016-04-19,16.2
2016-04-20,61.8
2016-04-21,93.3
2016-04-22,73.1
2016-04-23,0.0
2016-04-24,103.1
2016-04-25,20.0
2016-04-26,95.1
2016-04-27,7.0
2016-04-28,87.0
2016-04-29,55.7
2016-04-30,87.5
2016-05-01,88.4
2016-05-02,61.6
2016-05-03,7.5
2016-05-04,85.0
2016-05-05,61.3
2016-05-06,73.4
2016-05-07,47.0
2016-05-08,32.7
2016-05-09,111.3
2016-05-10,62.5
2016-05-11,76.0
2016-05-12,90.9
2016-05-13,0.0
2016-05-14,98.3
2016-05-15,50.6
2016-05-16,83.3
2016-05-17,159.3
2016-05-18,84.2
2016-05-19,63.7
2016-05-20,40.4
2016-05-21,89.1
2016-05-22,110.8
2016-05-23,134.1
2016-05-24,89.0
2016-05-25,55.4
2016-05-26,52.7
2016-05-27,122.0
2016-05-28,62.8
2016-05-29,1.8
2016-05-30,81.2
2016-05-31,28.5
2016-06-01,35.2
2016-06-02,68.9
2016-06-03,94.3
2016-06-04,55.6
2016-06-05,17.9
2016-06-06,91.4
2016-06-07,69.8
2016-06-08,87.2
2016-06-09,65.9
2016-06-10,84.9
2016-06-11,38.0
2016-06-12,54.9
2016-06-13,31.3
2016-06-14,83.0
2016-06-15,105.6
2016-06-16,69.7
2016-06-17,23.9
2016-06-18,55.1
2016-06-19,7.5
2016-06-20,107.2
2016-06-21,100.2
2016-06-22,22.2
2016-06-23,54.9
2016-06-24,80.8
2016-06-25,107.8
2016-06-26,117.7
2016-06-27,51.3
2016-06-28,67.2
2016-06-29,26.0
2016-06-30,46.8
2016-07-01,92.7
2016-07-02,39.2
2016-07-03,98.9
2016-07-04,102.0
2016-07-05,113.4
2016-07-06,65.0
2016-07-07,35.0
2016-07-08,130.2
2016-07-09,66.5
2016-07-10,93.5
2016-07-11,37.6
2016-07-12,38.7
2016-07-13,140.1
2016-07-14,81.8
2016-07-15,46.8
2016-07-16,8.6
2016-07-17,116.2
2016-07-18,122.8
2016-07-19,67.0
2016-07-20,114.6
2016-07-21,96.3
2016-07-22,73.6
2016-07-23,76.5
2016-07-24,27.0
2016-07-25,49.8
2016-07-26,94.6
2016-07-27,106.9
2016-07-28,80.9
2016-07-29,32.2
2016-07-30,47.6
2016-07-31,109.6
2016-08-01,18.1
2016-08-02,44.5
2016-08-03,47.2
2016-08-04,29.0
2016-08-05,46.1
2016-08-06,60.6
2016-08-07,69.6
2016-08-08,31.6
2016-08-09,44.9
2016-08-10,40.3
2016-08-11,28.8
2016-08-12,10.3
2016-08-13,17.1
2016-08-14,45.5
2016-08-15,41.9
2016-08-16,25.8
2016-08-17,45.3
2016-08-18,1.6
2016-08-19,12.3
2016-08-20,49.4
2016-08-21,14.3
2016-08-22,36.5
2016-08-23,40.8
2016-08-24,19.0
2016-08-25,35.2
2016-08-26,42.3
2016-08-27,21.8
2016-08-28,28.4
2016-08-29,57.0
2016-08-30,25.2
2016-08-31,76.5
2016-09-01,42.3
2016-09-02,24.5
2016-09-03,4.9
2016-09-04,8.7
2016-09-05,12.3
2016-09-06,11.9
2016-09-07,16.0
2016-09-08,1.5
2016-09-09,17.6
2016-09-10,22.8
2016-09-11,16.4
2016-09-12,16.1
2016-09-13,13.0
2016-09-14,16.0
2016-09-15,20.8
2016-09-16,17.7
2016-09-17,24.1
2016-09-18,20.5
2016-09-19,18.1
2016-09-20,0.0
2016-09-21,11.8
2016-09-22,14.7
2016-09-23,9.1
2016-09-24,17.9
2016-09-25,29.2
2016-09-26,22.2
2016-09-27,18.2
2016-09-28,7.9
2016-09-29,14.9
2016-09-30,16.0
2016-10-01,6.3
2016-10-02,14.1
2016-10-03,22.9
2016-10-04,10.1
2016-10-05,17.2
2016-10-06,24.3
2016-10-07,29.9
2016-10-08,13.2
2016-10-09,14.2
2016-10-10,17.6
2016-10-11,28.8
2016-10-12,12.1
2016-10-13,10.6
2016-10-14,24.7
2016-10-15,22.1
2016-10-16,3.3
2016-10-17,40.3
2016-10-18,3.1
2016-10-19,9.3
2016-10-20,2.6
2016-10-21,8.1
2016-10-22,30.9
2016-10-23,5.0
2016-10-24,5.1
2016-10-25,5.2
2016-10-26,19.5
2016-10-27,10.0
2016-10-28,32.6
2016-10-29,4.2
2016-10-30,0.0
2016-10-31,36.3
2016-11-01,0.0
2016-11-02,1.1
2016-11-03,1.0
2016-11-04,0.3
2016-11-05,2.7
2016-11-06,3.7
2016-11-07,0.0
2016-11-08,0.9
2016-11-09,0.0
2016-11-10,1.5
2016-11-11,3.7
2016-11-12,0.0
2016-11-13,0.3
2016-11-14,2.2
2016-11-15,1.4
2016-11-16,1.5
2016-11-17,0.0
2016-11-18,0.0
2016-11-19,0.0
2016-11-20,3.3
2016-11-21,4.0
2016-11-22,0.0
2016-11-23,0.9
2016-11-24,3.2
2016-11-25,0.1
2016-11-26,0.5
2016-11-27,0.8
2016-11-28,0.0
2016-11-29,0.2
2016-11-30,0.7
2016-12-01,0.0
2016-12-02,2.6
2016-12-03,0.0
2016-12-04,0.0
2016-12-05,0.0
2016-12-06,3.9
2016-12-07,3.8
2016-12-08,1.9
2016-12-09,0.0
2016-12-10,3.6
2016-12-11,0.0
2016-12-12,0.8
2016-12-13,0.0
2016-12-14,2.6
2016-12-15,0.2
2016-12-16,0.0
2016-12-17,3.5
2016-12-18,3.0
2016-12-19,0.0
2016-12-20,0.0
2016-12-21,0.3
2016-12-22,0.0
2016-12-23,0.6
2016-12-24,0.6
2016-12-25,1.1
2016-12-26,3.7
2016-12-27,0.1
2016-12-28,0.0
2016-12-29,5.9
2016-12-30,3.6
2016-12-31,1.8
2017-01-01,0.0
2017-01-02,0.0
2017-01-03,1.2
2017-01-04,0.0
2017-01-05,0.0
2017-01-06,3.6
2017-01-07,0.4
2017-01-08,5.0
2017-01-09,0.0
2017-01-10,0.0
2017-01-11,0.0
2017-01-12,0.0
2017-01-13,4.2
2017-01-14,1.1
2017-01-15,1.8
2017-01-16,1.9
2017-01-17,0.5
2017-01-18,0.9
2017-01-19,3.5
2017-01-20,1.4
2017-01-21,0.0
2017-01-22,0.1
2017-01-23,1.6
2017-01-24,0.0
2017-01-25,1.7
2017-01-26,0.0
2017-01-27,0.0
2017-01-28,0.0
2017-01-29,0.0
2017-01-30,1.2
2017-01-31,2.3
2017-02-01,1.9
2017-02-02,0.0
2017-02-03,0.0
2017-02-04,2.0
2017-02-05,3.2
2017-02-06,0.0
2017-02-07,0.0
2017-02-08,3.7
2017-02-09,3.2
2017-02-10,0.5
2017-02-11,0.0
2017-02-12,0.0
2017-02-13,0.0
2017-02-14,1.2
2017-02-15,0.0
2017-02-16,1.1
2017-02-17,0.0
2017-02-18,2.1
2017-02-19,0.3
2017-02-20,0.2
2017-02-21,0.4
2017-02-22,0.0
2017-02-23,2.2
2017-02-24,3.2
2017-02-25,0.0
2017-02-26,0.0
2017-02-27,0.0
2017-02-28,0.0
2017-03-01,0.0
2017-03-02,4.1
2017-03-03,0.7
2017-03-04,1.9
2017-03-05,1.0
2017-03-06,1.4
2017-03-07,2.1
2017-03-08,0.4
2017-03-09,1.3
2017-03-10,0.0
2017-03-11,0.0
2017-03-12,0.0
2017-03-13,1.0
2017-03-14,1.6
2017-03-15,0.3
2017-03-16,3.5
2017-03-17,3.5
2017-03-18,5.4
2017-03-19,3.6
2017-03-20,0.8
2017-03-21,1.1
2017-03-22,2.2
2017-03-23,0.7
2017-03-24,0.0
2017-03-25,3.3
2017-03-26,3.6
2017-03-27,0.0
2017-03-28,3.5
2017-03-29,0.5
2017-03-30,3.5
2017-03-31,1.4
2017-04-01,20.9
2017-04-02,117.1
2017-04-03,110.1
2017-04-04,127.5
2017-04-05,126.5
2017-04-06,81.2
2017-04-07,152.6
2017-04-08,68.1
2017-04-09,71.2
2017-04-10,49.9
2017-04-11,62.2
2017-04-12,55.8
2017-04-13,155.6
2017-04-14,91.8
2017-04-15,52.7
2017-04-16,0.0
2017-04-17,148.9
2017-04-18,92.5
2017-04-19,65.5
2017-04-20,101.8
2017-04-21,74.9
2017-04-22,79.2
2017-04-23,2.4
2017-04-24,41.9
2017-04-25,0.0
2017-04-26,56.6
2017-04-27,35.2
2017-04-28,19.3
2017-04-29,68.8
2017-04-30,81.3
2017-05-01,61.5
2017-05-02,91.5
2017-05-03,24.5
2017-05-04,87.9
2017-05-05,79.5
2017-05-06,105.1
2017-05-07,177.3
2017-05-08,41.9
2017-05-09,52.9
2017-05-10,125.4
2017-05-11,116.6
2017-05-12,100.0
2017-05-13,113.4
2017-05-14,79.2
2017-05-15,106.8
2017-05-16,105.3
2017-05-17,83.6
2017-05-18,88.7
2017-05-19,99.4
2017-05-20,62.9
2017-05-21,59.3
2017-05-22,127.6
2017-05-23,38.8
2017-05-24,71.6
2017-05-25,81.3
2017-05-26,120.4
2017-05-27,55.2
2017-05-28,61.8
2017-05-29,8.2
2017-05-30,60.4
2017-05-31,97.3
2017-06-01,73.1
2017-06-02,19.9
2017-06-03,115.6
2017-06-04,27.1
2017-06-05,41.0
2017-06-06,39.8
2017-06-07,126.1
2017-06-08,15.8
2017-06-09,121.5
2017-06-10,132.1
2017-06-11,89.0
2017-06-12,47.9
2017-06-13,72.1
2017-06-14,50.7
2017-06-15,77.7
2017-06-16,78.9
2017-06-17,15.3
2017-06-18,57.1
2017-06-19,75.4
2017-06-20,49.0
2017-06-21,69.8
2017-06-22,56.3
2017-06-23,68.2
2017-06-24,152.3
2017-06-25,73.4
2017-06-26,80.5
2017-06-27,70.8
2017-06-28,66.1
2017-06-29,96.2
2017-06-30,104.3
2017-07-01,39.1
2017-07-02,116.6
2017-07-03,58.2
2017-07-04,57.3
2017-07-05,124.5
2017-07-06,128.5
2017-07-07,50.9
2017-07-08,63.6
2017-07-09,85.4
2017-07-10,108.4
2017-07-11,105.1
2017-07-12,68.4
2017-07-13,55.4
2017-07-14,66.9
2017-07-15,8.1
2017-07-16,33.1
2017-07-17,158.5
2017-07-18,24.1
2017-07-19,106.6
2017-07-20,61.2
2017-07-21,144.2
2017-07-22,124.3
2017-07-23,94.3
2017-07-24,18.8
2017-07-25,42.7
2017-07-26,65.1
2017-07-27,0.0
2017-07-28,49.8
2017-07-29,99.8
2017-07-30,43.3
2017-07-31,42.1
2017-08-01,13.2
2017-08-02,18.1
2017-08-03,30.8
2017-08-04,25.6
2017-08-05,38.4
2017-08-06,27.7
2017-08-07,13.5
2017-08-08,47.7
2017-08-09,59.8
2017-08-10,57.6
2017-08-11,28.6
2017-08-12,41.3
2017-08-13,44.7
2017-08-14,42.4
2017-08-15,49.7
2017-08-16,25.3
2017-08-17,22.6
2017-08-18,24.6
2017-08-19,76.3
2017-08-20,7.2
2017-08-21,9.1
2017-08-22,28.4
2017-08-23,13.1
2017-08-24,71.1
2017-08-25,39.6
2017-08-26,45.9
2017-08-27,39.1
2017-08-28,18.0
2017-08-29,54.7
2017-08-30,45.7
2017-08-31,75.5
2017-09-01,19.4
2017-09-02,10.3
2017-09-03,16.4
2017-09-04,15.5
2017-09-05,13.0
2017-09-06,14.4
2017-09-07,15.0
2017-09-08,14.3
2017-09-09,15.0
2017-09-10,8.1
2017-09-11,18.7
2017-09-12,19.8
2017-09-13,0.0
2017-09-14,15.0
2017-09-15,1.6
2017-09-16,0.0
2017-09-17,11.4
2017-09-18,9.5
2017-09-19,0.3
2017-09-20,17.3
2017-09-21,10.5
2017-09-22,1.1
2017-09-23,26.6
2017-09-24,3.9
2017-09-25,13.1
2017-09-26,3.8
2017-09-27,2.1
2017-09-28,0.0
2017-09-29,8.7
2017-09-30,31.9
2017-10-01,17.6
2017-10-02,23.9
2017-10-03,7.4
2017-10-04,0.0
2017-10-05,20.1
2017-10-06,5.3
2017-10-07,13.0
2017-10-08,9.6
2017-10-09,9.9
2017-10-10,10.4
2017-10-11,12.2
2017-10-12,13.4
2017-10-13,24.8
2017-10-14,13.8
2017-10-15,14.9
2017-10-16,15.6
2017-10-17,0.7
2017-10-18,13.5
2017-10-19,5.9
2017-10-20,17.3
2017-10-21,15.4
2017-10-22,15.8
2017-10-23,18.0
2017-10-24,29.9
2017-10-25,17.7
2017-10-26,24.4
2017-10-27,4.0
2017-10-28,11.9
2017-10-29,17.0
2017-10-30,3.7
2017-10-31,3.5
2017-11-01,0.8
2017-11-02,0.0
2017-11-03,0.6
2017-11-04,0.0
2017-11-05,4.4
2017-11-06,0.4
2017-11-07,5.3
2017-11-08,3.8
2017-11-09,1.3
2017-11-10,1.0
2017-11-11,0.0
2017-11-12,0.0
2017-11-13,2.1
2017-11-14,0.6
2017-11-15,1.8
2017-11-16,0.0
2017-11-17,3.1
2017-11-18,2.3
2017-11-19,3.3
2017-11-20,1.0
2017-11-21,0.0
2017-11-22,1.7
2017-11-23,1.7
2017-11-24,0.0
2017-11-25,3.7
2017-11-26,5.3
2017-11-27,0.8
2017-11-28,0.1
2017-11-29,3.5
2017-11-30,0.5
2017-12-01,1.6
2017-12-02,5.9
2017-12-03,0.0
2017-12-04,0.2
2017-12-05,1.7
2017-12-06,0.0
2017-12-07,5.4
2017-12-08,1.2
2017-12-09,2.4
2017-12-10,0.7
2017-12-11,3.6
2017-12-12,0.0
2017-12-13,1.2
2017-12-14,2.2
2017-12-15,0.0
2017-12-16,0.0
2017-12-17,1.4
2017-12-18,0.1
2017-12-19,1.2
2017-12-20,2.3
2017-12-21,0.0
2017-12-22,1.3
2017-12-23,0.0
2017-12-24,1.9
2017-12-25,2.5
2017-12-26,0.0
2017-12-27,0.5
2017-12-28,0.0
2017-12-29,0.0
2017-12-30,0.0
2017-12-31,0.0
2018-01-01,1.1
2018-01-02,0.0
2018-01-03,0.0
2018-01-04,0.0
2018-01-05,0.0
2018-01-06,2.1
2018-01-07,0.0
2018-01-08,0.4
2018-01-09,3.9
2018-01-10,1.7
2018-01-11,2.1
2018-01-12,0.0
2018-01-13,0.0
2018-01-14,2.6
2018-01-15,0.0
2018-01-16,0.0
2018-01-17,0.2
2018-01-18,0.2
2018-01-19,0.0
2018-01-20,1.0
2018-01-21,3.4
2018-01-22,0.1
2018-01-23,1.2
2018-01-24,1.6
2018-01-25,4.4
2018-01-26,2.1
2018-01-27,1.3
2018-01-28,3.1
2018-01-29,2.1
2018-01-30,0.0
2018-01-31,1.3
2018-02-01,2.9
2018-02-02,3.0
2018-02-03,1.2
2018-02-04,0.0
2018-02-05,1.0
2018-02-06,0.5
2018-02-07,1.4
2018-02-08,2.0
2018-02-09,2.0
2018-02-10,0.0
2018-02-11,1.4
2018-02-12,0.0
2018-02-13,0.1
2018-02-14,4.2
2018-02-15,2.0
2018-02-16,0.1
2018-02-17,0.6
2018-02-18,0.0
2018-02-19,0.0
2018-02-20,0.0
2018-02-21,0.5
2018-02-22,2.1
2018-02-23,0.0
2018-02-24,1.4
2018-02-25,0.0
2018-02-26,3.4
2018-02-27,1.7
2018-02-28,1.7
2018-03-01,2.5
2018-03-02,0.0
2018-03-03,2.3
2018-03-04,2.5
2018-03-05,3.1
2018-03-06,0.0
2018-03-07,1.8
2018-03-08,2.6
2018-03-09,2.3
2018-03-10,0.0
2018-03-11,1.1
2018-03-12,2.9
2018-03-13,1.6
2018-03-14,0.0
2018-03-15,1.3
2018-03-16,0.0
2018-03-17,1.5
2018-03-18,0.0
2018-03-19,3.2
2018-03-20,0.2
2018-03-21,3.1
2018-03-22,1.3
2018-03-23,3.1
2018-03-24,0.0
2018-03-25,1.1
2018-03-26,0.0
2018-03-27,0.1
2018-03-28,0.0
2018-03-29,0.5
2018-03-30,1.7
2018-03-31,1.6
2018-04-01,94.1
2018-04-02,49.6
2018-04-03,0.0
2018-04-04,96.7
2018-04-05,77.5
2018-04-06,54.7
2018-04-07,39.9
2018-04-08,13.5
2018-04-09,110.5
2018-04-10,64.0
2018-04-11,40.7
2018-04-12,25.9
2018-04-13,127.8
2018-04-14,55.6
2018-04-15,74.7
2018-04-16,133.0
2018-04-17,96.5
2018-04-18,0.0
2018-04-19,64.5
2018-04-20,17.5
2018-04-21,106.1
2018-04-22,60.3
2018-04-23,25.8
2018-04-24,29.3
2018-04-25,50.0
2018-04-26,17.7
2018-04-27,83.2
2018-04-28,89.7
2018-04-29,74.2
2018-04-30,63.0
2018-05-01,120.9
2018-05-02,56.6
2018-05-03,44.2
2018-05-04,79.8
2018-05-05,14.3
2018-05-06,97.2
2018-05-07,76.0
2018-05-08,57.4
2018-05-09,70.0
2018-05-10,102.2
2018-05-11,55.0
2018-05-12,99.7
2018-05-13,101.4
2018-05-14,59.6
2018-05-15,0.0
2018-05-16,33.6
2018-05-17,76.7
2018-05-18,0.0
2018-05-19,110.2
2018-05-20,57.7
2018-05-21,84.3
2018-05-22,98.7
2018-05-23,135.1
2018-05-24,15.2
2018-05-25,84.9
2018-05-26,67.2
2018-05-27,29.1
2018-05-28,63.1
2018-05-29,41.4
2018-05-30,58.9
2018-05-31,76.9
2018-06-01,87.9
2018-06-02,113.5
2018-06-03,69.3
2018-06-04,25.8
2018-06-05,47.2
2018-06-06,64.6
2018-06-07,105.1
2018-06-08,112.3
2018-06-09,137.6
2018-06-10,0.0
2018-06-11,69.0
2018-06-12,53.9
2018-06-13,13.2
2018-06-14,72.9
2018-06-15,0.0
2018-06-16,80.4
2018-06-17,62.9
2018-06-18,52.2
2018-06-19,65.3
2018-06-20,109.3
2018-06-21,26.8
2018-06-22,103.6
2018-06-23,95.1
2018-06-24,135.3
2018-06-25,141.0
2018-06-26,28.1
2018-06-27,107.9
2018-06-28,102.3
2018-06-29,37.7
2018-06-30,71.0
2018-07-01,111.3
2018-07-02,99.0
2018-07-03,72.5
2018-07-04,110.9
2018-07-05,57.7
2018-07-06,90.7
2018-07-07,146.3
2018-07-08,113.1
2018-07-09,94.4
2018-07-10,153.9
2018-07-11,94.1
2018-07-12,94.4
2018-07-13,127.2
2018-07-14,136.5
2018-07-15,51.7
2018-07-16,90.0
2018-07-17,97.2
2018-07-18,67.3
2018-07-19,62.4
2018-07-20,60.7
2018-07-21,98.3
2018-07-22,63.9
2018-07-23,0.0
2018-07-24,44.1
2018-07-25,36.9
2018-07-26,19.9
2018-07-27,0.0
2018-07-28,151.2
2018-07-29,35.5
2018-07-30,103.5
2018-07-31,111.9
2018-08-01,47.3
2018-08-02,21.9
2018-08-03,55.9
2018-08-04,66.6
2018-08-05,15.1
2018-08-06,43.0
2018-08-07,47.7
2018-08-08,59.6
2018-08-09,65.0
2018-08-10,30.6
2018-08-11,37.0
2018-08-12,68.5
2018-08-13,18.9
2018-08-14,33.0
2018-08-15,12.5
2018-08-16,84.8
2018-08-17,60.8
2018-08-18,54.3
2018-08-19,60.9
2018-08-20,61.2
2018-08-21,32.6
2018-08-22,49.0
2018-08-23,21.4
2018-08-24,42.8
2018-08-25,62.7
2018-08-26,18.5
2018-08-27,44.2
2018-08-28,68.7
2018-08-29,51.1
2018-08-30,30.2
2018-08-31,49.8
2018-09-01,6.6
2018-09-02,12.8
2018-09-03,19.6
2018-09-04,29.4
2018-09-05,6.8
2018-09-06,15.4
2018-09-07,21.0
2018-09-08,7.0
2018-09-09,0.0
2018-09-10,32.3
2018-09-11,17.0
2018-09-12,27.0
2018-09-13,2.8
2018-09-14,12.4
2018-09-15,10.3
2018-09-16,0.0
2018-09-17,23.3
2018-09-18,19.0
2018-09-19,26.8
2018-09-20,27.0
2018-09-21,24.0
2018-09-22,13.4
2018-09-23,8.8
2018-09-24,23.0
2018-09-25,5.0
2018-09-26,22.4
2018-09-27,8.9
2018-09-28,0.0
2018-09-29,8.9
2018-09-30,0.0
2018-10-01,5.4
2018-10-02,11.4
2018-10-03,10.6
2018-10-04,14.1
2018-10-05,0.0
2018-10-06,13.3
2018-10-07,31.0
2018-10-08,11.8
2018-10-09,29.6
2018-10-10,19.0
2018-10-11,6.0
2018-10-12,13.7
2018-10-13,8.2
2018-10-14,5.9
2018-10-15,24.3
2018-10-16,14.8
2018-10-17,15.4
2018-10-18,6.3
2018-10-19,19.6
2018-10-20,23.1
2018-10-21,6.2
2018-10-22,17.8
2018-10-23,12.7
2018-10-24,27.5
2018-10-25,4.1
2018-10-26,19.3
2018-10-27,16.3
2018-10-28,14.4
2018-10-29,0.0
2018-10-30,16.3
2018-10-31,24.1
2018-11-01,0.0
2018-11-02,0.0
2018-11-03,4.7
2018-11-04,0.0
2018-11-05,0.0
2018-11-06,0.9
2018-11-07,0.0
2018-11-08,3.3
2018-11-09,2.5
2018-11-10,0.0
2018-11-11,0.9
2018-11-12,0.3
2018-11-13,0.0
2018-11-14,1.0
2018-11-15,4.1
2018-11-16,1.3
2018-11-17,0.0
2018-11-18,1.5
2018-11-19,0.0
2018-11-20,3.8
2018-11-21,2.1
2018-11-22,4.8
2018-11-23,0.0
2018-11-24,0.0
2018-11-25,3.1
2018-11-26,3.6
2018-11-27,1.8
2018-11-28,0.5
2018-11-29,0.0
2018-11-30,0.0
2018-12-01,2.6
2018-12-02,1.4
2018-12-03,3.7
2018-12-04,1.3
2018-12-05,2.1
2018-12-06,1.9
2018-12-07,0.0
2018-12-08,0.0
2018-12-09,1.8
2018-12-10,0.5
2018-12-11,1.9
2018-12-12,0.0
2018-12-13,2.8
2018-12-14,0.0
2018-12-15,3.0
2018-12-16,5.1
2018-12-17,0.0
2018-12-18,1.0
2018-12-19,3.1
2018-12-20,3.6
2018-12-21,0.0
2018-12-22,1.1
2018-12-23,0.3
2018-12-24,0.2
2018-12-25,3.4
2018-12-26,0.0
2018-12-27,0.7
2018-12-28,0.5
2018-12-29,0.1
2018-12-30,0.4
2018-12-31,0.0
2019-01-01,2.8
2019-01-02,3.5
2019-01-03,0.0
2019-01-04,1.2
2019-01-05,0.0
2019-01-06,0.0
2019-01-07,2.5
2019-01-08,0.0
2019-01-09,2.2
2019-01-10,0.0
2019-01-11,5.4
2019-01-12,0.4
2019-01-13,1.3
2019-01-14,1.9
2019-01-15,0.0
2019-01-16,0.0
2019-01-17,0.7
2019-01-18,3.2
2019-01-19,0.7
2019-01-20,0.9
2019-01-21,0.4
2019-01-22,0.6
2019-01-23,2.2
2019-01-24,4.6
2019-01-25,0.1
2019-01-26,0.8
2019-01-27,0.0
2019-01-28,0.0
2019-01-29,4.1
2019-01-30,1.2
2019-01-31,0.9
2019-02-01,3.6
2019-02-02,2.5
2019-02-03,0.0
2019-02-04,0.6
2019-02-05,0.0
2019-02-06,2.3
2019-02-07,2.8
2019-02-08,0.0
2019-02-09,4.4
2019-02-10,0.0
2019-02-11,0.2
2019-02-12,0.0
2019-02-13,0.5
2019-02-14,3.7
2019-02-15,0.4
2019-02-16,0.7
2019-02-17,2.1
2019-02-18,4.6
2019-02-19,1.3
2019-02-20,1.3
2019-02-21,0.0
2019-02-22,0.0
2019-02-23,1.4
2019-02-24,0.0
2019-02-25,0.0
2019-02-26,1.1
2019-02-27,0.8
2019-02-28,0.7
2019-03-01,0.2
2019-03-02,0.7
2019-03-03,1.8
2019-03-04,2.1
2019-03-05,0.9
2019-03-06,2.9
2019-03-07,4.5
2019-03-08,1.1
2019-03-09,2.2
2019-03-10,0.0
2019-03-11,0.0
2019-03-12,1.8
2019-03-13,0.0
2019-03-14,2.4
2019-03-15,2.5
2019-03-16,0.0
2019-03-17,1.8
2019-03-18,0.0
2019-03-19,0.0
2019-03-20,2.1
2019-03-21,0.0
2019-03-22,0.9
2019-03-23,0.8
2019-03-24,0.0
2019-03-25,0.0
2019-03-26,4.2
2019-03-27,2.0
2019-03-28,2.7
2019-03-29,3.8
2019-03-30,2.6
2019-03-31,0.0
2019-04-01,66.8
2019-04-02,127.8
2019-04-03,143.4
2019-04-04,113.1
2019-04-05,46.4
2019-04-06,51.3
2019-04-07,74.3
2019-04-08,0.0
2019-04-09,80.8
2019-04-10,45.7
2019-04-11,98.3
2019-04-12,55.9
2019-04-13,2.7
2019-04-14,54.6
2019-04-15,27.2
2019-04-16,22.5
2019-04-17,24.3
2019-04-18,52.2
2019-04-19,42.1
2019-04-20,155.6
2019-04-21,112.7
2019-04-22,68.7
2019-04-23,71.8
2019-04-24,89.8
2019-04-25,63.0
2019-04-26,126.1
2019-04-27,98.9
2019-04-28,62.2
2019-04-29,106.5
2019-04-30,138.4
2019-05-01,109.5
2019-05-02,107.5
2019-05-03,94.0
2019-05-04,83.9
2019-05-05,115.5
2019-05-06,108.0
2019-05-07,89.7
2019-05-08,37.7
2019-05-09,17.0
2019-05-10,39.6
2019-05-11,41.9
2019-05-12,12.0
2019-05-13,103.9
2019-05-14,81.5
2019-05-15,39.7
2019-05-16,64.0
2019-05-17,112.3
2019-05-18,81.1
2019-05-19,82.6
2019-05-20,34.7
2019-05-21,92.3
2019-05-22,62.1
2019-05-23,77.4
2019-05-24,56.7
2019-05-25,83.6
2019-05-26,79.8
2019-05-27,97.4
2019-05-28,20.7
2019-05-29,81.8
2019-05-30,119.7
2019-05-31,86.9
2019-06-01,68.0
2019-06-02,64.9
2019-06-03,126.0
2019-06-04,43.7
2019-06-05,162.1
2019-06-06,94.2
2019-06-07,35.3
2019-06-08,107.3
2019-06-09,126.1
2019-06-10,110.9
2019-06-11,72.3
2019-06-12,72.2
2019-06-13,81.1
2019-06-14,0.0
2019-06-15,67.3
2019-06-16,54.7
2019-06-17,60.1
2019-06-18,51.3
2019-06-19,32.1
2019-06-20,73.2
2019-06-21,87.3
2019-06-22,51.4
2019-06-23,94.0
2019-06-24,45.3
2019-06-25,9.6
2019-06-26,162.9
2019-06-27,77.7
2019-06-28,102.7
2019-06-29,132.8
2019-06-30,25.7
2019-07-01,28.6
2019-07-02,24.6
2019-07-03,52.9
2019-07-04,70.2
2019-07-05,10.1
2019-07-06,9.0
2019-07-07,15.3
2019-07-08,200.7
2019-07-09,139.4
2019-07-10,5.2
2019-07-11,59.9
2019-07-12,0.0
2019-07-13,81.2
2019-07-14,23.2
2019-07-15,87.8
2019-07-16,61.8
2019-07-17,16.9
2019-07-18,38.2
2019-07-19,97.6
2019-07-20,29.4
2019-07-21,117.9
2019-07-22,117.0
2019-07-23,85.5
2019-07-24,71.2
2019-07-25,45.8
2019-07-26,107.4
2019-07-27,25.9
2019-07-28,31.2
2019-07-29,47.9
2019-07-30,91.3
2019-07-31,54.8
2019-08-01,21.2
2019-08-02,52.1
2019-08-03,11.9
2019-08-04,50.0
2019-08-05,40.3
2019-08-06,22.9
2019-08-07,45.9
2019-08-08,55.4
2019-08-09,45.4
2019-08-10,34.7
2019-08-11,24.3
2019-08-12,25.6
2019-08-13,30.4
2019-08-14,8.0
2019-08-15,55.4
2019-08-16,48.5
2019-08-17,37.4
2019-08-18,32.0
2019-08-19,0.0
2019-08-20,42.8
2019-08-21,51.7
2019-08-22,47.5
2019-08-23,63.7
2019-08-24,39.3
2019-08-25,25.3
2019-08-26,14.3
2019-08-27,63.0
2019-08-28,14.6
2019-08-29,7.2
2019-08-30,41.3
2019-08-31,104.3
2019-09-01,19.2
2019-09-02,29.8
2019-09-03,12.0
2019-09-04,14.1
2019-09-05,10.5
2019-09-06,33.3
2019-09-07,14.7
2019-09-08,13.1
2019-09-09,3.1
2019-09-10,20.8
2019-09-11,18.5
2019-09-12,21.2
2019-09-13,6.4
2019-09-14,2.5
2019-09-15,5.6
2019-09-16,23.1
2019-09-17,17.6
2019-09-18,0.0
2019-09-19,25.3
2019-09-20,4.8
2019-09-21,9.9
2019-09-22,13.2
2019-09-23,25.8
2019-09-24,7.4
2019-09-25,32.6
2019-09-26,34.3
2019-09-27,12.3
2019-09-28,12.2
2019-09-29,27.6
2019-09-30,6.0
2019-10-01,3.4
2019-10-02,25.5
2019-10-03,24.9
2019-10-04,23.8
2019-10-05,9.0
2019-10-06,12.4
2019-10-07,29.2
2019-10-08,23.4
2019-10-09,2.2
2019-10-10,11.7
2019-10-11,22.0
2019-10-12,20.4
2019-10-13,24.5
2019-10-14,14.9
2019-10-15,25.9
2019-10-16,25.0
2019-10-17,8.4
2019-10-18,20.3
2019-10-19,0.8
2019-10-20,16.8
2019-10-21,5.8
2019-10-22,14.7
2019-10-23,22.8
2019-10-24,0.0
2019-10-25,0.4
2019-10-26,30.0
2019-10-27,0.0
2019-10-28,3.1
2019-10-29,25.5
2019-10-30,37.2
2019-10-31,17.8
2019-11-01,2.4
2019-11-02,0.7
2019-11-03,0.0
2019-11-04,0.0
2019-11-05,2.0
2019-11-06,4.2
2019-11-07,0.0
2019-11-08,2.5
2019-11-09,0.6
2019-11-10,0.0
2019-11-11,1.5
2019-11-12,1.5
2019-11-13,3.4
2019-11-14,5.4
2019-11-15,1.5
2019-11-16,3.6
2019-11-17,0.5
2019-11-18,1.1
2019-11-19,3.6
2019-11-20,2.1
2019-11-21,0.0
2019-11-22,1.6
2019-11-23,3.7
2019-11-24,2.1
2019-11-25,1.0
2019-11-26,3.9
2019-11-27,3.3
2019-11-28,0.0
2019-11-29,0.0
2019-11-30,3.5
2019-12-01,0.0
2019-12-02,2.7
2019-12-03,1.3
2019-12-04,0.3
2019-12-05,0.0
2019-12-06,0.6
2019-12-07,0.0
2019-12-08,3.8
2019-12-09,1.6
2019-12-10,2.3
2019-12-11,4.3
2019-12-12,2.6
2019-12-13,0.0
2019-12-14,3.5
2019-12-15,0.0
2019-12-16,0.3
2019-12-17,0.0
2019-12-18,0.0
2019-12-19,5.0
2019-12-20,0.1
2019-12-21,3.0
2019-12-22,1.2
2019-12-23,0.5
2019-12-24,2.6
2019-12-25,1.1
2019-12-26,1.9
2019-12-27,1.1
2019-12-28,0.0
2019-12-29,0.1
2019-12-30,0.0
2019-12-31,1.7
2020-01-01,3.2
2020-01-02,0.0
2020-01-03,1.6
2020-01-04,0.0
2020-01-05,3.2
2020-01-06,1.5
2020-01-07,0.0
2020-01-08,0.1
2020-01-09,0.0
2020-01-10,0.5
2020-01-11,0.0
2020-01-12,0.0
2020-01-13,0.0
2020-01-14,0.0
2020-01-15,1.2
2020-01-16,0.5
2020-01-17,1.9
2020-01-18,1.3
2020-01-19,3.1
2020-01-20,1.5
2020-01-21,2.0
2020-01-22,0.9
2020-01-23,0.0
2020-01-24,0.9
2020-01-25,0.8
2020-01-26,3.4
2020-01-27,1.4
2020-01-28,0.7
2020-01-29,0.2
2020-01-30,0.0
2020-01-31,1.8
2020-02-01,0.0
2020-02-02,4.4
2020-02-03,2.9
2020-02-04,2.2
2020-02-05,2.0
2020-02-06,0.0
2020-02-07,1.1
2020-02-08,0.8
2020-02-09,2.0
2020-02-10,0.0
2020-02-11,2.8
2020-02-12,0.9
2020-02-13,0.0
2020-02-14,2.3
2020-02-15,3.5
2020-02-16,0.4
2020-02-17,0.4
2020-02-18,1.0
2020-02-19,2.3
2020-02-20,2.0
2020-02-21,2.1
2020-02-22,1.3
2020-02-23,1.1
2020-02-24,1.2
2020-02-25,3.0
2020-02-26,0.0
2020-02-27,0.0
2020-02-28,0.0
2020-02-29,3.5
2020-03-01,0.0
2020-03-02,1.5
2020-03-03,0.0
2020-03-04,3.7
2020-03-05,2.3
2020-03-06,2.9
2020-03-07,0.2
2020-03-08,0.0
2020-03-09,6.2
2020-03-10,0.0
2020-03-11,0.0
2020-03-12,3.6
2020-03-13,1.7
2020-03-14,0.2
2020-03-15,4.5
2020-03-16,1.6
2020-03-17,0.9
2020-03-18,2.0
2020-03-19,4.9
2020-03-20,0.8
2020-03-21,1.2
2020-03-22,1.2
2020-03-23,0.0
2020-03-24,0.4
2020-03-25,0.0
2020-03-26,1.7
2020-03-27,1.5
2020-03-28,0.0
2020-03-29,4.5
2020-03-30,1.5
2020-03-31,2.2
2020-04-01,29.3
2020-04-02,98.4
2020-04-03,74.9
2020-04-04,26.1
2020-04-05,81.3
2020-04-06,35.1
2020-04-07,92.1
2020-04-08,122.4
2020-04-09,96.0
2020-04-10,132.0
2020-04-11,117.4
2020-04-12,125.8
2020-04-13,35.0
2020-04-14,7.0
2020-04-15,88.3
2020-04-16,0.0
2020-04-17,72.9
2020-04-18,104.6
2020-04-19,68.2
2020-04-20,76.0
2020-04-21,89.5
2020-04-22,81.6
2020-04-23,147.2
2020-04-24,109.3
2020-04-25,104.9
2020-04-26,97.9
2020-04-27,54.2
2020-04-28,16.0
2020-04-29,51.2
2020-04-30,44.6
2020-05-01,34.9
2020-05-02,136.2
2020-05-03,82.5
2020-05-04,26.8
2020-05-05,45.8
2020-05-06,106.9
2020-05-07,184.5
2020-05-08,76.5
2020-05-09,38.5
2020-05-10,32.3
2020-05-11,58.0
2020-05-12,156.1
2020-05-13,152.2
2020-05-14,114.4
2020-05-15,76.4
2020-05-16,114.4
2020-05-17,116.8
2020-05-18,55.5
2020-05-19,61.3
2020-05-20,73.3
2020-05-21,46.1
2020-05-22,110.2
2020-05-23,52.1
2020-05-24,53.4
2020-05-25,0.0
2020-05-26,56.6
2020-05-27,66.0
2020-05-28,61.3
2020-05-29,15.1
2020-05-30,46.6
2020-05-31,76.2
2020-06-01,85.0
2020-06-02,169.3
2020-06-03,104.7
2020-06-04,63.1
2020-06-05,103.7
2020-06-06,27.9
2020-06-07,81.5
2020-06-08,75.1
2020-06-09,68.4
2020-06-10,67.4
2020-06-11,91.5
2020-06-12,37.5
2020-06-13,51.1
2020-06-14,79.3
2020-06-15,12.7
2020-06-16,27.4
2020-06-17,82.9
2020-06-18,46.2
2020-06-19,71.3
2020-06-20,167.7
2020-06-21,86.6
2020-06-22,45.6
2020-06-23,67.5
2020-06-24,64.6
2020-06-25,45.0
2020-06-26,123.8
2020-06-27,134.1
2020-06-28,11.4
2020-06-29,43.9
2020-06-30,59.5
2020-07-01,29.8
2020-07-02,18.4
2020-07-03,93.9
2020-07-04,64.9
2020-07-05,49.3
2020-07-06,108.1
2020-07-07,93.6
2020-07-08,28.4
2020-07-09,133.6
2020-07-10,72.6
2020-07-11,118.0
2020-07-12,46.1
2020-07-13,79.2
2020-07-14,44.1
2020-07-15,111.9
2020-07-16,65.0
2020-07-17,100.8
2020-07-18,44.4
2020-07-19,48.4
2020-07-20,99.4
2020-07-21,94.7
2020-07-22,0.0
2020-07-23,53.0
2020-07-24,56.0
2020-07-25,88.6
2020-07-26,0.0
2020-07-27,7.9
2020-07-28,25.6
2020-07-29,60.0
2020-07-30,60.6
2020-07-31,31.7
2020-08-01,45.5
2020-08-02,20.7
2020-08-03,36.1
2020-08-04,52.8
2020-08-05,30.2
2020-08-06,47.3
2020-08-07,39.7
2020-08-08,66.6
2020-08-09,23.0
2020-08-10,68.5
2020-08-11,44.9
2020-08-12,20.9
2020-08-13,37.9
2020-08-14,28.2
2020-08-15,45.3
2020-08-16,43.0
2020-08-17,78.8
2020-08-18,39.6
2020-08-19,22.4
2020-08-20,36.3
2020-08-21,41.6
2020-08-22,19.0
2020-08-23,7.8
2020-08-24,56.3
2020-08-25,29.7
2020-08-26,59.1
2020-08-27,14.4
2020-08-28,67.7
2020-08-29,28.1
2020-08-30,62.8
2020-08-31,44.6
2020-09-01,23.8
2020-09-02,18.2
2020-09-03,0.0
2020-09-04,4.3
2020-09-05,10.9
2020-09-06,8.8
2020-09-07,4.7
2020-09-08,23.1
2020-09-09,12.5
2020-09-10,7.8
2020-09-11,24.0
2020-09-12,11.9
2020-09-13,15.0
2020-09-14,6.0
2020-09-15,15.7
2020-09-16,13.3
2020-09-17,20.0
2020-09-18,26.8
2020-09-19,25.1
2020-09-20,22.6
2020-09-21,30.8
2020-09-22,20.0
2020-09-23,9.4
2020-09-24,28.0
2020-09-25,2.7
2020-09-26,26.4
2020-09-27,17.8
2020-09-28,12.1
2020-09-29,15.7
2020-09-30,14.0
2020-10-01,18.5
2020-10-02,13.0
2020-10-03,17.3
2020-10-04,14.4
2020-10-05,34.9
2020-10-06,19.1
2020-10-07,22.2
2020-10-08,16.5
2020-10-09,12.1
2020-10-10,3.0
2020-10-11,12.9
2020-10-12,13.8
2020-10-13,0.0
2020-10-14,18.7
2020-10-15,19.2
2020-10-16,15.2
2020-10-17,21.6
2020-10-18,6.7
2020-10-19,10.4
2020-10-20,0.0
2020-10-21,15.2
2020-10-22,14.0
2020-10-23,9.5
2020-10-24,2.6
2020-10-25,3.8
2020-10-26,5.1
2020-10-27,0.0
2020-10-28,0.0
2020-10-29,14.5
2020-10-30,7.9
2020-10-31,12.4
2020-11-01,0.2
2020-11-02,0.0
2020-11-03,0.2
2020-11-04,3.9
2020-11-05,3.6
2020-11-06,0.0
2020-11-07,0.7
2020-11-08,0.0
2020-11-09,1.4
2020-11-10,1.6
2020-11-11,1.7
2020-11-12,2.7
2020-11-13,0.0
2020-11-14,0.6
2020-11-15,3.1
2020-11-16,4.2
2020-11-17,1.7
2020-11-18,3.4
2020-11-19,0.6
2020-11-20,0.0
2020-11-21,0.0
2020-11-22,2.1
2020-11-23,1.1
2020-11-24,2.8
2020-11-25,2.5
2020-11-26,0.0
2020-11-27,0.0
2020-11-28,3.4
2020-11-29,2.5
2020-11-30,0.0
2020-12-01,0.9
2020-12-02,2.0
2020-12-03,0.0
2020-12-04,2.8
2020-12-05,0.5
2020-12-06,0.3
2020-12-07,1.6
2020-12-08,1.4
2020-12-09,0.0
2020-12-10,0.0
2020-12-11,0.0
2020-12-12,0.0
2020-12-13,0.9
2020-12-14,0.9
2020-12-15,0.0
2020-12-16,0.0
2020-12-17,5.4
2020-12-18,0.0
2020-12-19,0.0
2020-12-20,1.2
2020-12-21,0.4
2020-12-22,0.0
2020-12-23,0.0
2020-12-24,3.1
2020-12-25,0.0
2020-12-26,3.4
2020-12-27,0.0
2020-12-28,4.9
2020-12-29,1.6
2020-12-30,5.0
2020-12-31,2.4
2021-01-01,1.6
2021-01-02,2.4
2021-01-03,2.4
2021-01-04,0.0
2021-01-05,3.9
2021-01-06,0.0
2021-01-07,3.1
2021-01-08,0.0
2021-01-09,1.0
2021-01-10,2.3
2021-01-11,1.8
2021-01-12,0.7
2021-01-13,0.0
2021-01-14,3.1
2021-01-15,4.8
2021-01-16,0.5
2021-01-17,0.9
2021-01-18,0.4
2021-01-19,4.5
2021-01-20,5.0
2021-01-21,0.0
2021-01-22,0.3
2021-01-23,1.6
2021-01-24,1.9
2021-01-25,3.4
2021-01-26,1.3
2021-01-27,2.9
2021-01-28,0.0
2021-01-29,1.4
2021-01-30,0.9
2021-01-31,0.0
2021-02-01,2.6
2021-02-02,0.9
2021-02-03,0.0
2021-02-04,2.3
2021-02-05,0.0
2021-02-06,6.5
2021-02-07,1.2
2021-02-08,1.3
2021-02-09,0.0
2021-02-10,0.0
2021-02-11,0.4
2021-02-12,2.0
2021-02-13,0.0
2021-02-14,0.0
2021-02-15,0.0
2021-02-16,1.2
2021-02-17,0.0
2021-02-18,1.3
2021-02-19,4.7
2021-02-20,3.1
2021-02-21,3.3
2021-02-22,3.4
2021-02-23,0.0
2021-02-24,0.0
2021-02-25,0.0
2021-02-26,0.0
2021-02-27,1.9
2021-02-28,3.8
2021-03-01,2.4
2021-03-02,0.0
2021-03-03,0.0
2021-03-04,0.9
2021-03-05,3.9
2021-03-06,2.0
2021-03-07,0.1
2021-03-08,1.2
2021-03-09,0.0
2021-03-10,2.2
2021-03-11,1.4
2021-03-12,0.6
2021-03-13,0.0
2021-03-14,3.2
2021-03-15,0.6
2021-03-16,1.7
2021-03-17,4.6
2021-03-18,1.7
2021-03-19,3.9
2021-03-20,0.0
2021-03-21,0.0
2021-03-22,3.9
2021-03-23,2.2
2021-03-24,0.6
2021-03-25,0.0
2021-03-26,1.4
2021-03-27,3.7
2021-03-28,0.0
2021-03-29,0.0
2021-03-30,2.3
2021-03-31,0.0
2021-04-01,103.1
2021-04-02,83.8
2021-04-03,98.4
2021-04-04,101.4
2021-04-05,123.8
2021-04-06,30.7
2021-04-07,14.8
2021-04-08,112.3
2021-04-09,98.4
2021-04-10,157.6
2021-04-11,18.4
2021-04-12,72.4
2021-04-13,62.1
2021-04-14,78.9
2021-04-15,56.0
2021-04-16,42.2
2021-04-17,50.1
2021-04-18,29.5
2021-04-19,52.9
2021-04-20,88.5
2021-04-21,115.3
2021-04-22,49.6
2021-04-23,83.5
2021-04-24,119.3
2021-04-25,62.6
2021-04-26,79.1
2021-04-27,1.6
2021-04-28,56.5
2021-04-29,61.9
2021-04-30,70.9
2021-05-01,0.0
2021-05-02,81.7
2021-05-03,83.9
2021-05-04,86.0
2021-05-05,131.7
2021-05-06,120.2
2021-05-07,135.7
2021-05-08,71.6
2021-05-09,76.8
2021-05-10,42.8
2021-05-11,11.5
2021-05-12,121.0
2021-05-13,39.4
2021-05-14,69.7
2021-05-15,58.5
2021-05-16,0.0
2021-05-17,93.0
2021-05-18,46.4
2021-05-19,111.6
2021-05-20,160.8
2021-05-21,87.9
2021-05-22,27.7
2021-05-23,78.7
2021-05-24,25.1
2021-05-25,50.5
2021-05-26,74.8
2021-05-27,121.1
2021-05-28,87.8
2021-05-29,46.1
2021-05-30,105.5
2021-05-31,0.0
2021-06-01,55.2
2021-06-02,146.1
2021-06-03,115.5
2021-06-04,14.2
2021-06-05,23.8
2021-06-06,42.1
2021-06-07,72.6
2021-06-08,82.6
2021-06-09,40.5
2021-06-10,94.9
2021-06-11,30.3
2021-06-12,91.6
2021-06-13,0.0
2021-06-14,14.9
2021-06-15,91.3
2021-06-16,59.0
2021-06-17,34.6
2021-06-18,26.3
2021-06-19,74.0
2021-06-20,80.6
2021-06-21,142.1
2021-06-22,107.4
2021-06-23,157.2
2021-06-24,77.8
2021-06-25,103.4
2021-06-26,75.7
2021-06-27,71.6
2021-06-28,57.9
2021-06-29,58.3
2021-06-30,167.4
2021-07-01,1.2
2021-07-02,60.3
2021-07-03,119.3
2021-07-04,10.9
2021-07-05,33.5
2021-07-06,35.0
2021-07-07,81.2
2021-07-08,114.0
2021-07-09,65.9
2021-07-10,58.2
2021-07-11,60.4
2021-07-12,27.2
2021-07-13,36.5
2021-07-14,40.4
2021-07-15,68.0
2021-07-16,35.9
2021-07-17,92.3
2021-07-18,74.6
2021-07-19,123.1
2021-07-20,75.2
2021-07-21,57.4
2021-07-22,23.6
2021-07-23,42.5
2021-07-24,13.1
2021-07-25,40.7
2021-07-26,115.0
2021-07-27,83.2
2021-07-28,75.9
2021-07-29,144.2
2021-07-30,105.5
2021-07-31,58.4
2021-08-01,45.7
2021-08-02,18.6
2021-08-03,38.0
2021-08-04,63.0
2021-08-05,53.1
2021-08-06,0.0
2021-08-07,43.2
2021-08-08,56.8
2021-08-09,34.2
2021-08-10,12.9
2021-08-11,74.1
2021-08-12,31.8
2021-08-13,36.0
2021-08-14,13.2
2021-08-15,38.8
2021-08-16,43.8
2021-08-17,42.6
2021-08-18,49.3
2021-08-19,52.2
2021-08-20,51.2
2021-08-21,45.2
2021-08-22,60.5
2021-08-23,36.1
2021-08-24,76.4
2021-08-25,50.0
2021-08-26,102.1
2021-08-27,78.6
2021-08-28,30.1
2021-08-29,84.2
2021-08-30,21.2
2021-08-31,37.0
2021-09-01,24.3
2021-09-02,30.6
2021-09-03,19.4
2021-09-04,27.3
2021-09-05,12.6
2021-09-06,0.0
2021-09-07,13.2
2021-09-08,1.7
2021-09-09,0.3
2021-09-10,10.9
2021-09-11,27.3
2021-09-12,21.5
2021-09-13,14.6
2021-09-14,19.8
2021-09-15,32.0
2021-09-16,5.7
2021-09-17,20.5
2021-09-18,17.3
2021-09-19,24.3
2021-09-20,16.3
2021-09-21,0.6
2021-09-22,12.7
2021-09-23,15.8
2021-09-24,17.9
2021-09-25,0.0
2021-09-26,17.9
2021-09-27,4.2
2021-09-28,21.6
2021-09-29,10.2
2021-09-30,11.1
2021-10-01,6.2
2021-10-02,14.0
2021-10-03,21.0
2021-10-04,19.3
2021-10-05,17.6
2021-10-06,19.0
2021-10-07,6.0
2021-10-08,17.7
2021-10-09,20.6
2021-10-10,25.2
2021-10-11,16.7
2021-10-12,15.7
2021-10-13,21.3
2021-10-14,13.8
2021-10-15,5.3
2021-10-16,3.3
2021-10-17,9.1
2021-10-18,23.9
2021-10-19,44.2
2021-10-20,0.0
2021-10-21,7.3
2021-10-22,0.0
2021-10-23,19.6
2021-10-24,18.2
2021-10-25,20.1
2021-10-26,4.1
2021-10-27,25.3
2021-10-28,21.4
2021-10-29,10.3
2021-10-30,32.0
2021-10-31,22.5
2021-11-01,0.3
2021-11-02,0.8
2021-11-03,2.3
2021-11-04,0.8
2021-11-05,1.9
2021-11-06,1.3
2021-11-07,2.2
2021-11-08,1.9
2021-11-09,0.0
2021-11-10,0.0
2021-11-11,3.2
2021-11-12,0.3
2021-11-13,0.0
2021-11-14,0.0
2021-11-15,0.6
2021-11-16,0.0
2021-11-17,2.3
2021-11-18,0.9
2021-11-19,0.0
2021-11-20,1.2
2021-11-21,3.5
2021-11-22,7.1
2021-11-23,0.0
2021-11-24,0.0
2021-11-25,0.6
2021-11-26,1.3
2021-11-27,0.0
2021-11-28,2.7
2021-11-29,1.7
2021-11-30,0.9
2021-12-01,0.0
2021-12-02,0.0
2021-12-03,4.2
2021-12-04,2.0
2021-12-05,3.2
2021-12-06,4.1
2021-12-07,3.3
2021-12-08,0.6
2021-12-09,0.0
2021-12-10,0.0
2021-12-11,4.5
2021-12-12,0.6
2021-12-13,5.9
2021-12-14,3.9
2021-12-15,2.3
2021-12-16,1.7
2021-12-17,1.8
2021-12-18,0.0
2021-12-19,0.0
2021-12-20,1.1
2021-12-21,0.3
2021-12-22,0.0
2021-12-23,0.3
2021-12-24,0.0
2021-12-25,2.0
2021-12-26,3.7
2021-12-27,0.0
2021-12-28,2.9
2021-12-29,1.4
2021-12-30,0.0
2021-12-31,1.9
2022-01-01,0.0
2022-01-02,0.0
2022-01-03,0.2
2022-01-04,1.6
2022-01-05,2.6
2022-01-06,4.5
2022-01-07,0.0
2022-01-08,0.0
2022-01-09,2.8
2022-01-10,0.0
2022-01-11,0.0
2022-01-12,2.2
2022-01-13,0.2
2022-01-14,1.7
2022-01-15,1.5
2022-01-16,3.3
2022-01-17,0.0
2022-01-18,0.0
2022-01-19,0.5
2022-01-20,3.1
2022-01-21,0.0
2022-01-22,0.0
2022-01-23,0.0
2022-01-24,0.0
2022-01-25,0.6
2022-01-26,0.0
2022-01-27,1.7
2022-01-28,2.9
2022-01-29,1.8
2022-01-30,3.3
2022-01-31,4.7
2022-02-01,0.7
2022-02-02,2.9
2022-02-03,0.2
2022-02-04,0.0
2022-02-05,2.9
2022-02-06,0.0
2022-02-07,2.5
2022-02-08,1.9
2022-02-09,0.0
2022-02-10,2.2
2022-02-11,1.8
2022-02-12,1.8
2022-02-13,5.7
2022-02-14,0.0
2022-02-15,2.6
2022-02-16,2.0
2022-02-17,0.0
2022-02-18,1.5
2022-02-19,2.0
2022-02-20,0.0
2022-02-21,2.4
2022-02-22,2.4
2022-02-23,2.6
2022-02-24,0.0
2022-02-25,3.4
2022-02-26,1.6
2022-02-27,1.6
2022-02-28,0.0
2022-03-01,0.0
2022-03-02,1.3
2022-03-03,0.0
2022-03-04,0.7
2022-03-05,1.0
2022-03-06,6.1
2022-03-07,0.0
2022-03-08,3.2
2022-03-09,0.1
2022-03-10,0.0
2022-03-11,0.0
2022-03-12,7.3
2022-03-13,0.4
2022-03-14,0.0
2022-03-15,0.5
2022-03-16,0.1
2022-03-17,0.1
2022-03-18,0.8
2022-03-19,1.6
2022-03-20,0.0
2022-03-21,1.1
2022-03-22,0.0
2022-03-23,2.6
2022-03-24,0.8
2022-03-25,0.0
2022-03-26,0.0
2022-03-27,3.3
2022-03-28,0.4
2022-03-29,0.6
2022-03-30,4.3
2022-03-31,2.3
2022-04-01,96.0
2022-04-02,94.5
2022-04-03,51.8
2022-04-04,58.5
2022-04-05,81.3
2022-04-06,108.0
2022-04-07,67.7
2022-04-08,102.9
2022-04-09,82.7
2022-04-10,88.2
2022-04-11,92.4
2022-04-12,126.2
2022-04-13,104.6
2022-04-14,31.6
2022-04-15,73.4
2022-04-16,79.7
2022-04-17,78.2
2022-04-18,46.4
2022-04-19,57.9
2022-04-20,9.7
2022-04-21,38.3
2022-04-22,70.7
2022-04-23,16.1
2022-04-24,3.5
2022-04-25,29.5
2022-04-26,61.5
2022-04-27,43.6
2022-04-28,117.3
2022-04-29,3.9
2022-04-30,45.4
2022-05-01,48.9
2022-05-02,115.6
2022-05-03,26.2
2022-05-04,18.5
2022-05-05,91.7
2022-05-06,85.3
2022-05-07,84.5
2022-05-08,81.4
2022-05-09,90.3
2022-05-10,42.7
2022-05-11,80.6
2022-05-12,104.3
2022-05-13,49.7
2022-05-14,82.7
2022-05-15,91.7
2022-05-16,113.5
2022-05-17,124.5
2022-05-18,0.0
2022-05-19,87.0
2022-05-20,105.6
2022-05-21,0.0
2022-05-22,25.1
2022-05-23,88.0
2022-05-24,110.5
2022-05-25,80.2
2022-05-26,29.6
2022-05-27,72.9
2022-05-28,148.0
2022-05-29,75.5
2022-05-30,38.3
2022-05-31,27.1
2022-06-01,104.3
2022-06-02,54.1
2022-06-03,90.1
2022-06-04,60.8
2022-06-05,63.5
2022-06-06,85.1
2022-06-07,38.8
2022-06-08,114.9
2022-06-09,81.2
2022-06-10,56.2
2022-06-11,44.6
2022-06-12,44.6
2022-06-13,112.5
2022-06-14,99.6
2022-06-15,89.3
2022-06-16,90.9
2022-06-17,97.5
2022-06-18,43.1
2022-06-19,52.7
2022-06-20,63.6
2022-06-21,36.4
2022-06-22,70.6
2022-06-23,78.2
2022-06-24,0.0
2022-06-25,57.2
2022-06-26,25.8
2022-06-27,84.1
2022-06-28,101.2
2022-06-29,132.9
2022-06-30,114.5
2022-07-01,53.5
2022-07-02,1.6
2022-07-03,31.8
2022-07-04,126.0
2022-07-05,76.0
2022-07-06,133.2
2022-07-07,43.6
2022-07-08,59.9
2022-07-09,69.0
2022-07-10,104.0
2022-07-11,45.0
2022-07-12,54.3
2022-07-13,76.6
2022-07-14,92.0
2022-07-15,160.7
2022-07-16,59.2
2022-07-17,1.3
2022-07-18,133.9
2022-07-19,17.7
2022-07-20,43.3
2022-07-21,69.5
2022-07-22,70.3
2022-07-23,72.1
2022-07-24,44.6
2022-07-25,67.3
2022-07-26,5.9
2022-07-27,76.9
2022-07-28,109.8
2022-07-29,69.2
2022-07-30,29.5
2022-07-31,105.9
2022-08-01,37.7
2022-08-02,66.9
2022-08-03,21.4
2022-08-04,53.6
2022-08-05,53.8
2022-08-06,41.9
2022-08-07,20.7
2022-08-08,37.9
2022-08-09,29.3
2022-08-10,42.0
2022-08-11,29.9
2022-08-12,28.1
2022-08-13,44.0
2022-08-14,25.9
2022-08-15,63.7
2022-08-16,11.4
2022-08-17,45.6
2022-08-18,48.6
2022-08-19,30.2
2022-08-20,31.9
2022-08-21,54.2
2022-08-22,10.3
2022-08-23,45.8
2022-08-24,53.4
2022-08-25,57.1
2022-08-26,54.2
2022-08-27,44.3
2022-08-28,37.6
2022-08-29,49.9
2022-08-30,37.5
2022-08-31,31.1
2022-09-01,10.9
2022-09-02,1.7
2022-09-03,17.1
2022-09-04,16.3
2022-09-05,9.9
2022-09-06,8.8
2022-09-07,3.4
2022-09-08,23.2
2022-09-09,6.0
2022-09-10,8.7
2022-09-11,17.5
2022-09-12,5.3
2022-09-13,8.8
2022-09-14,29.8
2022-09-15,14.0
2022-09-16,23.6
2022-09-17,9.0
2022-09-18,0.0
2022-09-19,19.8
2022-09-20,21.8
2022-09-21,30.3
2022-09-22,21.9
2022-09-23,20.0
2022-09-24,9.8
2022-09-25,12.2
2022-09-26,8.7
2022-09-27,1.1
2022-09-28,32.0
2022-09-29,7.5
2022-09-30,23.5
2022-10-01,22.4
2022-10-02,8.9
2022-10-03,21.3
2022-10-04,13.9
2022-10-05,10.6
2022-10-06,6.0
2022-10-07,18.0
2022-10-08,3.3
2022-10-09,8.5
2022-10-10,22.6
2022-10-11,0.0
2022-10-12,10.0
2022-10-13,17.9
2022-10-14,12.7
2022-10-15,16.8
2022-10-16,15.1
2022-10-17,0.2
2022-10-18,9.6
2022-10-19,18.8
2022-10-20,17.9
2022-10-21,25.8
2022-10-22,26.6
2022-10-23,38.1
2022-10-24,17.8
2022-10-25,0.0
2022-10-26,23.6
2022-10-27,6.6
2022-10-28,11.5
2022-10-29,6.8
2022-10-30,0.0
2022-10-31,21.5
2022-11-01,0.0
2022-11-02,0.2
2022-11-03,0.0
2022-11-04,2.6
2022-11-05,3.8
2022-11-06,0.0
2022-11-07,0.0
2022-11-08,1.4
2022-11-09,4.0
2022-11-10,0.0
2022-11-11,3.1
2022-11-12,1.4
2022-11-13,0.9
2022-11-14,2.3
2022-11-15,3.7
2022-11-16,0.0
2022-11-17,0.0
2022-11-18,0.8
2022-11-19,1.0
2022-11-20,2.0
2022-11-21,0.7
2022-11-22,0.0
2022-11-23,2.0
2022-11-24,0.3
2022-11-25,4.9
2022-11-26,0.7
2022-11-27,3.6
2022-11-28,1.9
2022-11-29,0.3
2022-11-30,1.2
2022-12-01,0.9
2022-12-02,1.6
2022-12-03,0.0
2022-12-04,0.0
2022-12-05,0.0
2022-12-06,4.1
2022-12-07,1.9
2022-12-08,0.1
2022-12-09,1.4
2022-12-10,0.0
2022-12-11,2.0
2022-12-12,4.6
2022-12-13,0.0
2022-12-14,1.1
2022-12-15,0.2
2022-12-16,0.2
2022-12-17,0.9
2022-12-18,0.0
2022-12-19,0.6
2022-12-20,2.0
2022-12-21,0.0
2022-12-22,0.0
2022-12-23,2.0
2022-12-24,3.9
2022-12-25,0.0
2022-12-26,0.0
2022-12-27,1.7
2022-12-28,4.4
2022-12-29,0.0
2022-12-30,0.0
2022-12-31,0.0
2023-01-01,1.0
2023-01-02,1.3
2023-01-03,0.3
2023-01-04,0.5
2023-01-05,1.1
2023-01-06,5.0
2023-01-07,1.3
2023-01-08,3.0
2023-01-09,3.7
2023-01-10,4.9
2023-01-11,1.5
2023-01-12,0.2
2023-01-13,0.0
2023-01-14,2.2
2023-01-15,1.7
2023-01-16,1.9
2023-01-17,1.6
2023-01-18,0.0
2023-01-19,2.1
2023-01-20,0.0
2023-01-21,0.0
2023-01-22,0.0
2023-01-23,2.7
2023-01-24,0.8
2023-01-25,0.0
2023-01-26,1.3
2023-01-27,3.1
2023-01-28,1.2
2023-01-29,0.0
2023-01-30,1.8
2023-01-31,0.0
2023-02-01,1.8
2023-02-02,2.6
2023-02-03,3.2
2023-02-04,0.0
2023-02-05,1.4
2023-02-06,3.0
2023-02-07,0.0
2023-02-08,0.0
2023-02-09,0.2
2023-02-10,2.3
2023-02-11,0.0
2023-02-12,0.0
2023-02-13,0.3
2023-02-14,1.6
2023-02-15,4.3
2023-02-16,0.9
2023-02-17,0.8
2023-02-18,2.8
2023-02-19,4.7
2023-02-20,2.0
2023-02-21,0.8
2023-02-22,2.0
2023-02-23,1.9
2023-02-24,0.0
2023-02-25,2.6
2023-02-26,0.8
2023-02-27,0.0
2023-02-28,0.0
2023-03-01,2.9
2023-03-02,0.0
2023-03-03,0.4
2023-03-04,0.0
2023-03-05,0.5
2023-03-06,0.0
2023-03-07,0.0
2023-03-08,4.1
2023-03-09,1.7
2023-03-10,0.4
2023-03-11,1.5
2023-03-12,0.0
2023-03-13,0.0
2023-03-14,1.0
2023-03-15,1.4
2023-03-16,0.3
2023-03-17,2.3
2023-03-18,2.6
2023-03-19,0.0
2023-03-20,1.4
2023-03-21,0.0
2023-03-22,2.0
2023-03-23,0.0
2023-03-24,2.3
2023-03-25,0.0
2023-03-26,0.0
2023-03-27,2.7
2023-03-28,1.3
2023-03-29,0.7
2023-03-30,0.0
2023-03-31,2.5
2023-04-01,62.9
2023-04-02,23.9
2023-04-03,169.9
2023-04-04,0.0
2023-04-05,68.1
2023-04-06,67.8
2023-04-07,0.0
2023-04-08,0.0
2023-04-09,32.2
2023-04-10,87.7
2023-04-11,147.4
2023-04-12,126.3
2023-04-13,95.7
2023-04-14,47.5
2023-04-15,118.8
2023-04-16,100.3
2023-04-17,49.8
2023-04-18,100.7
2023-04-19,24.4
2023-04-20,100.6
2023-04-21,23.8
2023-04-22,32.1
2023-04-23,59.9
2023-04-24,44.4
2023-04-25,43.8
2023-04-26,42.1
2023-04-27,55.6
2023-04-28,68.9
2023-04-29,57.9
2023-04-30,101.1
2023-05-01,1.4
2023-05-02,115.0
2023-05-03,93.7
2023-05-04,119.6
2023-05-05,15.7
2023-05-06,89.8
2023-05-07,103.1
2023-05-08,116.8
2023-05-09,25.4
2023-05-10,136.1
2023-05-11,46.9
2023-05-12,30.0
2023-05-13,82.1
2023-05-14,116.1
2023-05-15,152.1
2023-05-16,63.8
2023-05-17,66.7
2023-05-18,72.4
2023-05-19,108.1
2023-05-20,98.0
2023-05-21,85.9
2023-05-22,160.1
2023-05-23,93.3
2023-05-24,36.9
2023-05-25,87.6
2023-05-26,100.2
2023-05-27,21.4
2023-05-28,122.5
2023-05-29,76.4
2023-05-30,98.1
2023-05-31,130.1
2023-06-01,125.9
2023-06-02,73.0
2023-06-03,18.8
2023-06-04,0.0
2023-06-05,7.9
2023-06-06,50.1
2023-06-07,99.4
2023-06-08,105.4
2023-06-09,140.0
2023-06-10,54.2
2023-06-11,144.5
2023-06-12,62.9
2023-06-13,78.8
2023-06-14,88.4
2023-06-15,0.0
2023-06-16,142.1
2023-06-17,126.8
2023-06-18,67.3
2023-06-19,45.1
2023-06-20,68.4
2023-06-21,28.0
2023-06-22,115.7
2023-06-23,114.7
2023-06-24,36.8
2023-06-25,50.3
2023-06-26,32.3
2023-06-27,79.3
2023-06-28,73.3
2023-06-29,81.5
2023-06-30,29.3
2023-07-01,54.5
2023-07-02,40.2
2023-07-03,140.2
2023-07-04,117.6
2023-07-05,0.0
2023-07-06,103.3
2023-07-07,0.0
2023-07-08,76.7
2023-07-09,54.7
2023-07-10,128.5
2023-07-11,64.0
2023-07-12,106.0
2023-07-13,31.1
2023-07-14,149.6
2023-07-15,0.0
2023-07-16,26.2
2023-07-17,131.9
2023-07-18,47.0
2023-07-19,37.1
2023-07-20,180.9
2023-07-21,100.6
2023-07-22,95.6
2023-07-23,46.4
2023-07-24,29.2
2023-07-25,77.1
2023-07-26,103.8
2023-07-27,30.8
2023-07-28,69.0
2023-07-29,79.8
2023-07-30,40.6
2023-07-31,72.6
2023-08-01,18.3
2023-08-02,74.7
2023-08-03,48.6
2023-08-04,24.8
2023-08-05,42.9
2023-08-06,22.4
2023-08-07,42.7
2023-08-08,58.4
2023-08-09,80.5
2023-08-10,57.8
2023-08-11,55.0
2023-08-12,60.6
2023-08-13,46.7
2023-08-14,29.2
2023-08-15,68.3
2023-08-16,56.2
2023-08-17,12.1
2023-08-18,47.2
2023-08-19,22.3
2023-08-20,23.4
2023-08-21,34.9
2023-08-22,20.6
2023-08-23,7.7
2023-08-24,19.1
2023-08-25,41.8
2023-08-26,30.3
2023-08-27,47.1
2023-08-28,34.1
2023-08-29,25.8
2023-08-30,48.7
2023-08-31,92.3
2023-09-01,7.6
2023-09-02,31.4
2023-09-03,26.6
2023-09-04,20.1
2023-09-05,22.8
2023-09-06,0.0
2023-09-07,19.4
2023-09-08,13.5
2023-09-09,0.0
2023-09-10,24.5
2023-09-11,22.0
2023-09-12,15.4
2023-09-13,25.9
2023-09-14,12.9
2023-09-15,18.4
2023-09-16,11.3
2023-09-17,6.5
2023-09-18,9.7
2023-09-19,21.9
2023-09-20,10.6
2023-09-21,5.3
2023-09-22,31.2
2023-09-23,5.5
2023-09-24,27.1
2023-09-25,7.6
2023-09-26,5.8
2023-09-27,32.5
2023-09-28,9.4
2023-09-29,3.1
2023-09-30,11.9
2023-10-01,20.4
2023-10-02,23.3
2023-10-03,10.4
2023-10-04,18.4
2023-10-05,9.5
2023-10-06,20.4
2023-10-07,10.5
2023-10-08,0.0
2023-10-09,15.9
2023-10-10,15.1
2023-10-11,19.3
2023-10-12,18.5
2023-10-13,22.9
2023-10-14,14.1
2023-10-15,21.5
2023-10-16,13.0
2023-10-17,0.0
2023-10-18,11.1
2023-10-19,7.4
2023-10-20,1.4
2023-10-21,10.7
2023-10-22,32.1
2023-10-23,0.9
2023-10-24,10.2
2023-10-25,12.1
2023-10-26,12.1
2023-10-27,25.1
2023-10-28,5.5
2023-10-29,5.5
2023-10-30,16.2
2023-10-31,10.3
2023-11-01,1.9
2023-11-02,0.7
2023-11-03,2.0
2023-11-04,0.1
2023-11-05,0.0
2023-11-06,2.8
2023-11-07,0.0
2023-11-08,1.5
2023-11-09,0.7
2023-11-10,0.1
2023-11-11,0.9
2023-11-12,0.0
2023-11-13,0.0
2023-11-14,3.5
2023-11-15,0.0
2023-11-16,3.0
2023-11-17,1.1
2023-11-18,0.0
2023-11-19,1.9
2023-11-20,2.7
2023-11-21,0.0
2023-11-22,0.0
2023-11-23,0.0
2023-11-24,1.4
2023-11-25,0.0
2023-11-26,0.9
2023-11-27,0.0
2023-11-28,0.6
2023-11-29,2.9
2023-11-30,0.4
2023-12-01,2.5
2023-12-02,0.0
2023-12-03,0.9
2023-12-04,3.5
2023-12-05,1.9
2023-12-06,0.0
2023-12-07,0.0
2023-12-08,0.0
2023-12-09,3.8
2023-12-10,0.0
2023-12-11,3.4
2023-12-12,0.0
2023-12-13,3.3
2023-12-14,0.0
2023-12-15,1.6
2023-12-16,1.8
2023-12-17,3.5
2023-12-18,0.0
2023-12-19,1.1
2023-12-20,0.0
2023-12-21,2.3
2023-12-22,0.0
2023-12-23,1.7
2023-12-24,4.5
2023-12-25,2.5
2023-12-26,0.0
2023-12-27,2.7
2023-12-28,0.0
2023-12-29,0.5
2023-12-30,3.1
2023-12-31,0.0
